bvid,cid,title,video_url,category,action_type,start_seconds,end_seconds,duration_seconds,uuid,votes,locked,community_video_duration,current_duration,cid_matches,jev_status,community_checked_at,source
BV1Jda36jENB,42270525296,“柳条人年年立起，没人记得这火燃了几世”,https://www.bilibili.com/video/BV1Jda36jENB/,sponsor,skip,91.551,132.13,40.579,8bacf02c39e2172940f8f7273fb74c51bfa73a4ec848c68ee2856ff17a1d6a6a7,1,0,963,963,True,字幕已采集；JEV 待实测,2026-09-30T17:45:18.343Z,popular-page-1
BV1BJao6BEL8,42340715454,【跑团TV】平均TRPG体验Be like：Pt.6 (上),https://www.bilibili.com/video/BV1BJao6BEL8/,sponsor,skip,205.933,260.833,54.9,497d84cb1b0128c7d65c3fc3d2ff3ec2ddeaacef8bad4caf94d84b248748e1c97,2,0,952.853,953,True,字幕已采集；JEV 待实测,2026-09-30T17:45:21.277Z,popular-page-1
BV1yEaJ6CEUk,42302770334,面具比命还重要？墨西哥摔跤手的生活，有多疯狂？,https://www.bilibili.com/video/BV1yEaJ6CEUk/,sponsor,skip,36.091,39.996,3.905,ef6f9f7ed716da6f0f859244dfd369f849c79ac6d8c6b4414089c867ebec23337,1,0,1042,1042,True,未取到字幕，暂无法测,2026-09-30T17:45:22.657Z,popular-page-1
BV1yEaJ6CEUk,42302770334,面具比命还重要？墨西哥摔跤手的生活，有多疯狂？,https://www.bilibili.com/video/BV1yEaJ6CEUk/,sponsor,skip,731.172,749.576,18.404,3dad926870d79a852342bebbe27679097ed73a71aab09b203cd117af082e052b7,0,0,1042,1042,True,未取到字幕，暂无法测,2026-09-30T17:45:22.657Z,popular-page-1
BV1yEaJ6CEUk,42302770334,面具比命还重要？墨西哥摔跤手的生活，有多疯狂？,https://www.bilibili.com/video/BV1yEaJ6CEUk/,sponsor,skip,987.614,1009.637,22.023,4e3ee5591c4f7fc3ac3776d6dbcf67d3f82c1f531d02bcfa89d701afa440a7957,0,0,1042,1042,True,未取到字幕，暂无法测,2026-09-30T17:45:22.657Z,popular-page-1
BV1yEaJ6CEUk,42302770334,面具比命还重要？墨西哥摔跤手的生活，有多疯狂？,https://www.bilibili.com/video/BV1yEaJ6CEUk/,sponsor,full,0,0,0,6435ba27ca01dea1e940a319f126d88fde36c118371aec1f70e6a56660bd79437,-1,0,1041.742,1042,True,未取到字幕，暂无法测,2026-09-30T17:45:22.657Z,popular-page-1
BV1zEaV6JEFD,42280879880,这个海胆金枪鱼泥寿司得卖3000元一份，厨师长用下班剩的边角料研发的,https://www.bilibili.com/video/BV1zEaV6JEFD/,sponsor,skip,678.284,736.444,58.16,4a0c917fa9add8f47e0f62251ae588770bd89509afec442f1df940f2f383857d7,1,0,1064,1064,True,字幕已采集；JEV 待实测,2026-09-30T17:45:23.697Z,popular-page-1
BV1irad6eEke,42328328018,华科吃月饼窜稀是遭武大黑手？武汉的大学都不是省油的灯 快递里的中国 湖北 武汉（番外2）,https://www.bilibili.com/video/BV1irad6eEke/,sponsor,skip,273.466,336,62.534,ad89935450f11f435d2a873caf0bf150f7947bd95e1185d123f0989875c88eec7,0,0,1639.2,1640,True,字幕已采集；JEV 待实测,2026-09-30T17:45:30.196Z,popular-page-1
BV1sQa76VEvS,42297264205,一艘真正的“飞船”【地效飞行器详解】,https://www.bilibili.com/video/BV1sQa76VEvS/,sponsor,skip,144.307,178.681,34.374,c828111f03fe1a8c84afde386fab96d7937593e46c5cbf5a1084325cb4476c157,0,0,854.407,855,True,字幕已采集；JEV 待实测,2026-09-30T17:45:36.637Z,popular-page-1
BV1V6ho6cEQw,42222421514,《坦克模拟器-增强版》,https://www.bilibili.com/video/BV1V6ho6cEQw/,sponsor,full,0,0,0,0e74e631b441877f351f5f590b34bb2a2116b059c9a1b745aca7a93d332539887,0,0,109.034,110,True,字幕不足，排除区间评估,2026-09-30T17:45:37.727Z,popular-page-1
BV1aFah6xEHA,42244835900,古偶剧毁人不浅，马嘉祺末日剧上线，无限流何时穿完？,https://www.bilibili.com/video/BV1aFah6xEHA/,sponsor,skip,298.128,392.417,94.289,26c3dbd199708e56635cfce2879d6139cb9b2257042a08959013c44c339ccfa07,0,0,976.81,977,True,未取到字幕，暂无法测,2026-09-30T17:45:41.002Z,popular-page-1
BV1sQaL6vE1U,42283173299,别把我扔路上啊~,https://www.bilibili.com/video/BV1sQaL6vE1U/,sponsor,skip,3605.721,3848.813,243.092,ddc1fda6387fee8b0b20fa537a78e592b53dbb2f0dc91fcfe68bf808c22432c67,0,0,4206,4206,True,字幕已采集；JEV 待实测,2026-09-30T17:45:42.717Z,popular-page-1
BV1xVY26dEbz,41800566365,去了一趟山西。,https://www.bilibili.com/video/BV1xVY26dEbz/,sponsor,skip,25.086,30.949,5.863,dfc3708e29cf384e9629c9c5b7494b3b8379ea8aacb70b16c21970f68ba2dda57,1,0,1335,1333,False,字幕已采集；JEV 待实测,2026-09-30T17:45:45.333Z,historical-seed
BV1xVY26dEbz,41800566365,去了一趟山西。,https://www.bilibili.com/video/BV1xVY26dEbz/,sponsor,skip,704.552,754.357,49.805,73ae4f3bc0fb59b0d2d5913441d2bdd37a8e8c04817587c14d195529ae9fb7197,0,0,1335,1333,False,字幕已采集；JEV 待实测,2026-09-30T17:45:45.333Z,historical-seed
BV1xVY26dEbz,41800566365,去了一趟山西。,https://www.bilibili.com/video/BV1xVY26dEbz/,sponsor,skip,1279.374,1308.444,29.07,993d0bcd5e16f67c26179359b3a893b4646f87dba00c8da2d0b1d624e5f78d227,0,0,1335,1333,False,字幕已采集；JEV 待实测,2026-09-30T17:45:45.333Z,historical-seed
BV1xVY26dEbz,41838447299,去了一趟山西。,https://www.bilibili.com/video/BV1xVY26dEbz/,sponsor,skip,25.634,30.942,5.308,5e4b4c099aea4ed3871024d3ec2dee0d07ae3652a7b090287ffc9b1d8db7fad47,0,0,1333,1333,True,字幕已采集；JEV 待实测,2026-09-30T17:45:45.333Z,historical-seed
BV1xVY26dEbz,41838447299,去了一趟山西。,https://www.bilibili.com/video/BV1xVY26dEbz/,sponsor,skip,713.312,727.927,14.615,fa59d3e3d2f487b9acbb9986084a98f824f7ab3e8384e28c8747374b729efd6f7,0,0,1332.8,1333,True,字幕已采集；JEV 待实测,2026-09-30T17:45:45.333Z,historical-seed
BV1xVY26dEbz,41838447299,去了一趟山西。,https://www.bilibili.com/video/BV1xVY26dEbz/,sponsor,skip,1278.343,1314.379,36.036,7258f48cf849c0c3656aef4bc2482d06efd017ac0801965243d0562c8d9d2e567,0,0,1332.766,1333,True,字幕已采集；JEV 待实测,2026-09-30T17:45:45.333Z,historical-seed
BV1PdeFzyEyf,31798069999,胆小慎入！恐怖片是怎么吓人的？,https://www.bilibili.com/video/BV1PdeFzyEyf/,sponsor,skip,522.856,549.849,26.993,b64e38bc5fdc77d05f1f45359c659c625e01e0bb4d4547b14262a94bd3e277ef7,2,0,609.237,610,True,历史 JEV 结果可参考；本轮待实测,2026-09-30T17:45:45.873Z,historical-seed
BV1kaJBzCE6i,30102654966,突袭！毕业5年的up主还记得多少专业知识？！,https://www.bilibili.com/video/BV1kaJBzCE6i/,sponsor,skip,39.247,57.842,18.595,a7bc108769c0b4ba84c3fbbfc4a158cb33270e7b331c22e94d202e823b0e53a37,0,0,760.362,761,True,历史 JEV 结果可参考；本轮待实测,2026-09-30T17:45:47.038Z,historical-seed
BV1kaJBzCE6i,30102654966,突袭！毕业5年的up主还记得多少专业知识？！,https://www.bilibili.com/video/BV1kaJBzCE6i/,sponsor,skip,746.566,756.082,9.516,cce64f87d2deebaeeab70ee1e810a94d6350f2ad02bb1dbeb2a33674be0db1dd7,0,0,760.326,761,True,历史 JEV 结果可参考；本轮待实测,2026-09-30T17:45:47.038Z,historical-seed
BV1n4tB6jEVZ,41578988183,诡异小镇、献祭活人？英国民俗恐怖鼻祖！影史封神结尾8.0分《柳条人》,https://www.bilibili.com/video/BV1n4tB6jEVZ/,sponsor,skip,498.717,569.656,70.939,98ad8109b1307383127d670ebaf73ccbdd134b6ec65a851280c4b8e811c230e77,1,0,2933,2933,True,字幕已采集；JEV 待实测,2026-09-30T17:45:57.358Z,related:BV1Jda36jENB
BV1WhaA6hE7s,42162454697,糟糕！我的粮食被勋宗抢走了！【神奇组织54】,https://www.bilibili.com/video/BV1WhaA6hE7s/,sponsor,skip,342.551,429.825,87.274,2d44da50526b171ba016dc9233b2c61fa075f388f30fc815b42b236498fe95777,3,0,2254.122,2255,True,字幕已采集；JEV 待实测,2026-09-30T17:46:09.756Z,related:BV1Jda36jENB
BV1cAu96VEtv,40772635583,【僵毁TV第二季】B42多人联机体验Be like: S2E2【TapNow制作】,https://www.bilibili.com/video/BV1cAu96VEtv/,sponsor,skip,87.515,171.38,83.865,aa559519f44be38a194a0ac91bba5f84a3a9af8aa82a733025bbc66a308e20417,-1,0,571,571,True,字幕已采集；JEV 待实测,2026-09-30T17:46:21.621Z,related:BV1BJao6BEL8
BV1eigm6JE5V,40315322878,【渊深TV】和好兄弟盟一起联机be like:Pt.5,https://www.bilibili.com/video/BV1eigm6JE5V/,sponsor,skip,158.916,196.083,37.167,365fd107ca37e13108909d1b0d79b14f6f9ff2700138abaec62dc755af6a68737,0,0,897.046,898,True,字幕已采集；JEV 待实测,2026-09-30T17:46:23.898Z,related:BV1BJao6BEL8
BV1eigm6JE5V,40212890882,【渊深TV】和好兄弟盟一起联机be like:Pt.5,https://www.bilibili.com/video/BV1eigm6JE5V/,sponsor,skip,158.957,197.63,38.673,ffb914fddecca2b482bf5a322d4fac564787725a17a923611032e95faf0fd5167,0,0,897.047,898,False,字幕已采集；JEV 待实测,2026-09-30T17:46:23.898Z,related:BV1BJao6BEL8
BV1eigm6JE5V,40233009383,【渊深TV】和好兄弟盟一起联机be like:Pt.5,https://www.bilibili.com/video/BV1eigm6JE5V/,sponsor,skip,159.082,198.68,39.598,80f4ef37ccd95eee2117fa40d0085b4775563c8012beaf2be563854438bfb4517,0,0,898,898,False,字幕已采集；JEV 待实测,2026-09-30T17:46:23.898Z,related:BV1BJao6BEL8
BV1eigm6JE5V,40251296330,【渊深TV】和好兄弟盟一起联机be like:Pt.5,https://www.bilibili.com/video/BV1eigm6JE5V/,sponsor,skip,161.916,197.583,35.667,aaa7bd489dd480ae7c524e941eeea10bb7fd26770a1483e3b123f2d1eae88f4e7,0,0,897.044,898,False,字幕已采集；JEV 待实测,2026-09-30T17:46:23.898Z,related:BV1BJao6BEL8
BV1EpKa6uES6,40173243103,【跑团TV】平均TRPG体验Be like：Pt.5,https://www.bilibili.com/video/BV1EpKa6uES6/,sponsor,skip,212.88,272.178,59.298,e8773749f286f640d451403e642ae987a6aedce8126ff120311c2bf7c0f7d88a7,0,0,872,872,True,字幕已采集；JEV 待实测,2026-09-30T17:46:32.462Z,related:BV1BJao6BEL8
BV1gVRPBaESk,38099158986,【僵毁TV/总集篇】B42多人联机体验Be like: 总集篇,https://www.bilibili.com/video/BV1gVRPBaESk/,sponsor,skip,1447.1,1526.8,79.7,47d34067af2ffc8f2945ecddca438903b2c4071195c4d9fb9102f74fba82da267,0,0,3516.566,3517,True,字幕已采集；JEV 待实测,2026-09-30T17:46:33.589Z,related:BV1BJao6BEL8
BV1eQF6e8ENX,28185791686,【熟肉】DND里的“超模”法术,https://www.bilibili.com/video/BV1eQF6e8ENX/,sponsor,skip,13.66,26.56,12.9,8703dff7da6eafdb183a9fc0d39e5b60b03510ed7fdaa45089e845c8b56499bc9,0,0,336,336,True,字幕已采集；JEV 待实测,2026-09-30T17:46:34.787Z,related:BV1BJao6BEL8
BV1ZLbV66EyM,41697216591,【渊深TV】和好兄弟盟一起联机be like:Pt.6,https://www.bilibili.com/video/BV1ZLbV66EyM/,sponsor,skip,110.083,150.958,40.875,fbb7f7abe89da215287a082a9fd93dafc88ad16bc22b11150ff0b182f6eb38957,0,0,784.166,785,True,字幕已采集；JEV 待实测,2026-09-30T17:46:36.989Z,related:BV1BJao6BEL8
BV1gcVF6SEHQ,38615515402,【跑团TV】平均TRPG体验Be like: PT.3,https://www.bilibili.com/video/BV1gcVF6SEHQ/,sponsor,skip,130.767,162.438,31.671,d35843cad5ccaa7a5539f657ab13e0d2c85608424bccd2f4f9dc89da53e93a957,0,0,732,732,True,字幕已采集；JEV 待实测,2026-09-30T17:46:38.085Z,related:BV1BJao6BEL8
BV18FE96mESJ,39011093751,【跑团TV】平均TRPG体验Be like：Pt.4,https://www.bilibili.com/video/BV18FE96mESJ/,sponsor,skip,179.941,222.886,42.945,34772097def1ed657dbb80f586f043e3afc9fbcc86234d37233d5be175ea14627,0,0,825.6,826,True,字幕已采集；JEV 待实测,2026-09-30T17:46:38.630Z,related:BV1BJao6BEL8
BV1LoN76dEmF,39817711125,去了一趟得克萨斯州。,https://www.bilibili.com/video/BV1LoN76dEmF/,sponsor,skip,26.667,32.363,5.696,7a042087f1afa95d38bee56a1452e932d60c8714fc546699d370bc1843a039da7,2,0,1020,1020,True,字幕已采集；JEV 待实测,2026-09-30T17:46:51.470Z,related:BV1yEaJ6CEUk
BV1LoN76dEmF,39817711125,去了一趟得克萨斯州。,https://www.bilibili.com/video/BV1LoN76dEmF/,sponsor,skip,583.765,596.666,12.901,e3861db75a755c889a4cb38f29bab7853fa8e95fc62f7df9d695bcd14d7c2b747,1,0,1020,1020,True,字幕已采集；JEV 待实测,2026-09-30T17:46:51.470Z,related:BV1yEaJ6CEUk
BV1LoN76dEmF,39817711125,去了一趟得克萨斯州。,https://www.bilibili.com/video/BV1LoN76dEmF/,sponsor,skip,753.886,755.502,1.616,ef980d541c77dec1cd099051d16125dd273fb148ebcee119c64342617188cc7b7,0,0,1020,1020,True,字幕已采集；JEV 待实测,2026-09-30T17:46:51.470Z,related:BV1yEaJ6CEUk
BV1bVG36jEHg,40498105526,这个火爆全网的男人，到底是谁？现状如何？,https://www.bilibili.com/video/BV1bVG36jEHg/,sponsor,skip,23.429,39.374,15.945,7176eefee85d36022ff763b1c117f4650589c7f264658a12f6bbec99a58f2e397,1,0,471,471,True,字幕已采集；JEV 待实测,2026-09-30T17:46:58.186Z,related:BV1yEaJ6CEUk
