"bvid","cid","votes","communityStart","communityEnd","matched","jevStart","jevEnd","startDelta","endDelta","boundaryConfidence","eligibleToSkip","subtitleRowsBeforeJev","analysisStatus","originalRunAt"
"BV1Jda36jENB","42270525296","1","91.551","132.13","true","95.5","131.11","3.949","-1.02","0.66","true","3","ads","2026-09-30T18:14:27.845Z"
"BV1BJao6BEL8","42340715454","2","205.933","260.833","true","206.469","260.18","0.536","-0.653","0.58","true","1","ads","2026-09-30T18:14:30.848Z"
"BV1zEaV6JEFD","42280879880","1","678.284","736.444","true","686.47","735.98","8.186","-0.464","0.35","true","5","ads","2026-09-30T18:14:32.236Z"
"BV1irad6eEke","42328328018","0","273.466","336","true","274.91","335.68","1.444","-0.32","0.58","true","1","ads","2026-09-30T18:14:35.052Z"
"BV1sQa76VEvS","42297264205","0","144.307","178.681","true","147.04","178.44","2.733","-0.241","0.61","true","2","ads","2026-09-30T18:14:38.913Z"
"BV1sQaL6vE1U","42283173299","0","3605.721","3848.813","true","3663.76","3814.219","58.039","-34.594","0.31","true","31","incomplete","2026-09-30T18:14:40.447Z"
"BV1xVY26dEbz","41838447299","0","25.634","30.942","true","25.83","32.78","0.196","1.838","0.74","false","1","ads","2026-09-30T18:14:46.351Z"
"BV1xVY26dEbz","41838447299","0","713.312","727.927","false","","","","","","false","0","ads","2026-09-30T18:14:46.351Z"
"BV1xVY26dEbz","41838447299","0","1278.343","1314.379","true","1277.32","1300.55","-1.023","-13.829","0.19","true","0","ads","2026-09-30T18:14:46.351Z"
"BV1PdeFzyEyf","31798069999","2","522.856","549.849","true","528.05","552.64","5.194","2.791","0.6","true","3","ads","2026-09-30T18:14:49.222Z"
"BV1kaJBzCE6i","30102654966","0","39.247","57.842","false","","","","","","false","0","incomplete","2026-09-30T18:14:50.625Z"
"BV1kaJBzCE6i","30102654966","0","746.566","756.082","true","746.5","756.12","-0.066","0.038","0.62","false","0","incomplete","2026-09-30T18:14:50.625Z"
"BV1n4tB6jEVZ","41578988183","1","498.717","569.656","true","502.17","569.37","3.453","-0.286","0.9","true","3","ads","2026-09-30T18:14:53.700Z"
"BV1WhaA6hE7s","42162454697","3","342.551","429.825","true","364.31","429.23","21.759","-0.595","0.63","true","13","ads","2026-09-30T18:14:56.865Z"
"BV1cAu96VEtv","40772635583","-1","87.515","171.38","true","99.34","171.45","11.825","0.07","0.8","true","7","ads","2026-09-30T18:14:59.803Z"
"BV1eigm6JE5V","40315322878","0","158.916","196.083","true","162.6","196.9","3.684","0.817","0.36","true","2","ads","2026-09-30T18:15:01.023Z"
"BV1EpKa6uES6","40173243103","0","212.88","272.178","true","226.86","271.689","13.98","-0.489","0.73","true","9","ads","2026-09-30T18:15:02.729Z"
"BV1gVRPBaESk","38099158986","0","1447.1","1526.8","true","1458.5","1525.87","11.4","-0.93","0.71","true","7","ads","2026-09-30T18:15:04.624Z"
"BV1eQF6e8ENX","28185791686","0","13.66","26.56","false","","","","","","false","0","no_ads","2026-09-30T18:15:08.502Z"
"BV1ZLbV66EyM","41697216591","0","110.083","150.958","true","116.27","150.55","6.187","-0.408","0.39","true","2","ads","2026-09-30T18:15:09.116Z"
"BV1gcVF6SEHQ","38615515402","0","130.767","162.438","true","143.54","159.05","12.773","-3.388","0.55","false","10","ads","2026-09-30T18:15:10.340Z"
"BV18FE96mESJ","39011093751","0","179.941","222.886","false","","","","","","false","0","no_ads","2026-09-30T18:15:12.463Z"
"BV1LoN76dEmF","39817711125","2","26.667","32.363","false","","","","","","false","0","ads","2026-09-30T18:15:13.914Z"
"BV1LoN76dEmF","39817711125","1","583.765","596.666","true","587.89","599.11","4.125","2.444","0.45","false","4","ads","2026-09-30T18:15:13.914Z"
"BV1LoN76dEmF","39817711125","0","753.886","755.502","false","","","","","","false","0","ads","2026-09-30T18:15:13.914Z"
"BV1bVG36jEHg","40498105526","1","23.429","39.374","true","25.14","39.01","1.711","-0.364","0.29","false","3","ads","2026-09-30T18:15:17.557Z"
